{
  "main": {
    "id": "d63bb7a8bcba229f",
    "type": "split",
    "children": [
      {
        "id": "5c0017845b788cb9",
        "type": "tabs",
        "children": [
          {
            "id": "4b6f2f5040da2767",
            "type": "leaf",
            "state": {
              "type": "markdown",
              "state": {
                "file": "MCP Server の作成.md",
                "mode": "source",
                "source": false
              },
              "icon": "lucide-file",
              "title": "MCP Server の作成"
            }
          }
        ]
      }
    ],
    "direction": "vertical"
  },
  "left": {
    "id": "73285abebd40a55a",
    "type": "split",
    "children": [
      {
        "id": "a024a60eead3d892",
        "type": "tabs",
        "children": [
          {
            "id": "481df74ac1a8ec13",
            "type": "leaf",
            "state": {
              "type": "file-explorer",
              "state": {
                "sortOrder": "alphabetical",
                "autoReveal": false
              },
              "icon": "lucide-folder-closed",
              "title": "文件列表"
            }
          },
          {
            "id": "fff00e6aee6d7ef3",
            "type": "leaf",
            "state": {
              "type": "search",
              "state": {
                "query": "",
                "matchingCase": false,
                "explainSearch": false,
                "collapseAll": false,
                "extraContext": false,
                "sortOrder": "alphabetical"
              },
              "icon": "lucide-search",
              "title": "搜索"
            }
          },
          {
            "id": "732b06979d59efdc",
            "type": "leaf",
            "state": {
              "type": "bookmarks",
              "state": {},
              "icon": "lucide-bookmark",
              "title": "书签"
            }
          }
        ]
      }
    ],
    "direction": "horizontal",
    "width": 200
  },
  "right": {
    "id": "16522ab1ac0c8d8e",
    "type": "split",
    "children": [
      {
        "id": "4c94153ce848fdb4",
        "type": "tabs",
        "children": [
          {
            "id": "838a50e3313875ce",
            "type": "leaf",
            "state": {
              "type": "backlink",
              "state": {
                "file": "基本知識.md",
                "collapseAll": false,
                "extraContext": false,
                "sortOrder": "alphabetical",
                "showSearch": false,
                "searchQuery": "",
                "backlinkCollapsed": false,
                "unlinkedCollapsed": true
              },
              "icon": "links-coming-in",
              "title": "基本知識 的反向链接列表"
            }
          },
          {
            "id": "3f11d94b54c82b5a",
            "type": "leaf",
            "state": {
              "type": "outgoing-link",
              "state": {
                "file": "基本知識.md",
                "linksCollapsed": false,
                "unlinkedCollapsed": true
              },
              "icon": "links-going-out",
              "title": "基本知識 的出链列表"
            }
          },
          {
            "id": "49e9de59e7c17593",
            "type": "leaf",
            "state": {
              "type": "tag",
              "state": {
                "sortOrder": "frequency",
                "useHierarchy": true,
                "showSearch": false,
                "searchQuery": ""
              },
              "icon": "lucide-tags",
              "title": "标签"
            }
          },
          {
            "id": "47a95c716b948b87",
            "type": "leaf",
            "state": {
              "type": "all-properties",
              "state": {
                "sortOrder": "frequency",
                "showSearch": false,
                "searchQuery": ""
              },
              "icon": "lucide-archive",
              "title": "添加笔记属性"
            }
          },
          {
            "id": "20921c66a19cf2a8",
            "type": "leaf",
            "state": {
              "type": "outline",
              "state": {
                "file": "基本知識.md",
                "followCursor": false,
                "showSearch": false,
                "searchQuery": ""
              },
              "icon": "lucide-list",
              "title": "基本知識 的大纲"
            }
          }
        ]
      }
    ],
    "direction": "horizontal",
    "width": 300,
    "collapsed": true
  },
  "left-ribbon": {
    "hiddenItems": {
      "switcher:打开快速切换": false,
      "graph:查看关系图谱": false,
      "canvas:新建白板": false,
      "daily-notes:打开/创建今天的日记": false,
      "templates:插入模板": false,
      "command-palette:打开命令面板": false,
      "bases:创建新数据库": false
    }
  },
  "active": "4b6f2f5040da2767",
  "lastOpenFiles": [
    "MCP Client の作成.md",
    "環境構築.md",
    "security.md",
    "reference servers.md",
    "Architecture.md",
    "MCP Client の機能.md",
    "MCP Server の機能.md",
    "MCP Server の作成.md",
    "images/Pasted image 20251223150807.png",
    "images/Pasted image 20251223150721.png",
    "images/Pasted image 20251223145804.png",
    "images/Pasted image 20251223143802.png",
    "images/Pasted image 20251223143640.png",
    "images/Pasted image 20251210170944.png",
    "images/Pasted image 20251210170842.png",
    "images/Pasted image 20251210170749.png",
    "images/Pasted image 20251210170729.png",
    "images/Pasted image 20251210170513.png",
    "基本知識.md",
    "Link.md",
    "images"
  ]
}