{
  "main": {
    "id": "1571fdc8b50fc7c5",
    "type": "split",
    "children": [
      {
        "id": "2db20b9d0d85f4bc",
        "type": "tabs",
        "children": [
          {
            "id": "3c01aeadf10ddeb4",
            "type": "leaf",
            "state": {
              "type": "markdown",
              "state": {
                "file": "BPMN使用方法.md",
                "mode": "source",
                "source": false
              },
              "icon": "lucide-file",
              "title": "BPMN使用方法"
            }
          }
        ]
      }
    ],
    "direction": "vertical"
  },
  "left": {
    "id": "7aa1935a13343807",
    "type": "split",
    "children": [
      {
        "id": "a09ac6d469d29bad",
        "type": "tabs",
        "children": [
          {
            "id": "fab841d912a28174",
            "type": "leaf",
            "state": {
              "type": "file-explorer",
              "state": {
                "sortOrder": "alphabetical",
                "autoReveal": false
              },
              "icon": "lucide-folder-closed",
              "title": "文件列表"
            }
          },
          {
            "id": "b3366238ad135008",
            "type": "leaf",
            "state": {
              "type": "search",
              "state": {
                "query": "",
                "matchingCase": false,
                "explainSearch": false,
                "collapseAll": false,
                "extraContext": false,
                "sortOrder": "alphabetical"
              },
              "icon": "lucide-search",
              "title": "搜索"
            }
          },
          {
            "id": "19688a5e22c6a795",
            "type": "leaf",
            "state": {
              "type": "bookmarks",
              "state": {},
              "icon": "lucide-bookmark",
              "title": "书签"
            }
          }
        ]
      }
    ],
    "direction": "horizontal",
    "width": 223.5
  },
  "right": {
    "id": "89a59e2411b9238a",
    "type": "split",
    "children": [
      {
        "id": "d2896783d817ff12",
        "type": "tabs",
        "children": [
          {
            "id": "b86e52945db99df3",
            "type": "leaf",
            "state": {
              "type": "backlink",
              "state": {
                "file": "BPMN使用方法.md",
                "collapseAll": false,
                "extraContext": false,
                "sortOrder": "alphabetical",
                "showSearch": false,
                "searchQuery": "",
                "backlinkCollapsed": false,
                "unlinkedCollapsed": true
              },
              "icon": "links-coming-in",
              "title": "BPMN使用方法 的反向链接列表"
            }
          },
          {
            "id": "51441742a524067a",
            "type": "leaf",
            "state": {
              "type": "outgoing-link",
              "state": {
                "file": "BPMN使用方法.md",
                "linksCollapsed": false,
                "unlinkedCollapsed": true
              },
              "icon": "links-going-out",
              "title": "BPMN使用方法 的出链列表"
            }
          },
          {
            "id": "a601c8f2da972a09",
            "type": "leaf",
            "state": {
              "type": "tag",
              "state": {
                "sortOrder": "frequency",
                "useHierarchy": true,
                "showSearch": false,
                "searchQuery": ""
              },
              "icon": "lucide-tags",
              "title": "标签"
            }
          },
          {
            "id": "38006374b0e4b6d1",
            "type": "leaf",
            "state": {
              "type": "outline",
              "state": {
                "file": "BPMN使用方法.md",
                "followCursor": false,
                "showSearch": false,
                "searchQuery": ""
              },
              "icon": "lucide-list",
              "title": "BPMN使用方法 的大纲"
            }
          }
        ]
      }
    ],
    "direction": "horizontal",
    "width": 300,
    "collapsed": true
  },
  "left-ribbon": {
    "hiddenItems": {
      "switcher:打开快速切换": false,
      "graph:查看关系图谱": false,
      "canvas:新建白板": false,
      "daily-notes:打开/创建今天的日记": false,
      "templates:插入模板": false,
      "command-palette:打开命令面板": false,
      "bases:创建新数据库": false
    }
  },
  "active": "3c01aeadf10ddeb4",
  "lastOpenFiles": [
    "CMMN相关概念.md",
    "Link.md",
    "REST API.md",
    "CMMN使用方法.md",
    "BPMN使用方法.md",
    "BPMN相关概念.md",
    "attachments/Pasted image 20251105172537.png",
    "attachments/Pasted image 20251105172451.png",
    "attachments/Pasted image 20251105172437.png",
    "attachments/Pasted image 20251105172428.png",
    "attachments/Pasted image 20251105170848.png",
    "attachments/Pasted image 20251105165653.png",
    "attachments/Pasted image 20251105165628.png",
    "attachments/Pasted image 20251105165555.png",
    "attachments/Pasted image 20251105165535.png",
    "attachments/Pasted image 20251105165510.png",
    "環境構築.md",
    "attachments"
  ]
}