{
  "main": {
    "id": "11eee3ab9f7c7ac1",
    "type": "split",
    "children": [
      {
        "id": "06c46f08bcab5dad",
        "type": "tabs",
        "children": [
          {
            "id": "326c73bdd5b3f1a8",
            "type": "leaf",
            "state": {
              "type": "markdown",
              "state": {
                "file": "ホットリフレッシュ.md",
                "mode": "source",
                "source": false
              },
              "icon": "lucide-file",
              "title": "ホットリフレッシュ"
            }
          }
        ]
      }
    ],
    "direction": "vertical"
  },
  "left": {
    "id": "4164562c299ee398",
    "type": "split",
    "children": [
      {
        "id": "eef7662915314404",
        "type": "tabs",
        "children": [
          {
            "id": "8cd10f3ea94775f3",
            "type": "leaf",
            "state": {
              "type": "file-explorer",
              "state": {
                "sortOrder": "alphabetical",
                "autoReveal": false
              },
              "icon": "lucide-folder-closed",
              "title": "文件列表"
            }
          },
          {
            "id": "7a35e4c200cf443a",
            "type": "leaf",
            "state": {
              "type": "search",
              "state": {
                "query": "",
                "matchingCase": false,
                "explainSearch": false,
                "collapseAll": false,
                "extraContext": false,
                "sortOrder": "alphabetical"
              },
              "icon": "lucide-search",
              "title": "搜索"
            }
          },
          {
            "id": "7b0031485b8cb8e7",
            "type": "leaf",
            "state": {
              "type": "bookmarks",
              "state": {},
              "icon": "lucide-bookmark",
              "title": "书签"
            }
          }
        ]
      }
    ],
    "direction": "horizontal",
    "width": 200
  },
  "right": {
    "id": "3ffaa259ff9e4ca8",
    "type": "split",
    "children": [
      {
        "id": "eee8fb03d46b58b6",
        "type": "tabs",
        "children": [
          {
            "id": "ad71f10845cdf9b4",
            "type": "leaf",
            "state": {
              "type": "backlink",
              "state": {
                "file": "基础概念.md",
                "collapseAll": false,
                "extraContext": false,
                "sortOrder": "alphabetical",
                "showSearch": false,
                "searchQuery": "",
                "backlinkCollapsed": false,
                "unlinkedCollapsed": true
              },
              "icon": "links-coming-in",
              "title": "基础概念 的反向链接列表"
            }
          },
          {
            "id": "685b571ed4ba6a2b",
            "type": "leaf",
            "state": {
              "type": "outgoing-link",
              "state": {
                "file": "基础概念.md",
                "linksCollapsed": false,
                "unlinkedCollapsed": true
              },
              "icon": "links-going-out",
              "title": "基础概念 的出链列表"
            }
          },
          {
            "id": "d2da565af8f4cae0",
            "type": "leaf",
            "state": {
              "type": "tag",
              "state": {
                "sortOrder": "frequency",
                "useHierarchy": true,
                "showSearch": false,
                "searchQuery": ""
              },
              "icon": "lucide-tags",
              "title": "标签"
            }
          },
          {
            "id": "9345ea38646959c7",
            "type": "leaf",
            "state": {
              "type": "all-properties",
              "state": {
                "sortOrder": "frequency",
                "showSearch": false,
                "searchQuery": ""
              },
              "icon": "lucide-archive",
              "title": "添加笔记属性"
            }
          },
          {
            "id": "ec48443952efa254",
            "type": "leaf",
            "state": {
              "type": "outline",
              "state": {
                "file": "基础概念.md",
                "followCursor": false,
                "showSearch": false,
                "searchQuery": ""
              },
              "icon": "lucide-list",
              "title": "基础概念 的大纲"
            }
          }
        ]
      }
    ],
    "direction": "horizontal",
    "width": 300,
    "collapsed": true
  },
  "left-ribbon": {
    "hiddenItems": {
      "switcher:打开快速切换": false,
      "graph:查看关系图谱": false,
      "canvas:新建白板": false,
      "daily-notes:打开/创建今天的日记": false,
      "templates:插入模板": false,
      "command-palette:打开命令面板": false,
      "bases:创建新数据库": false
    }
  },
  "active": "326c73bdd5b3f1a8",
  "lastOpenFiles": [
    "server和client的使用.md",
    "spring-cloud-config-test/pom.xml",
    "spring-cloud-config-test/src/main/java/com/atguigu/Main.java",
    "spring-cloud-config-test/src/main/java/com/atguigu",
    "spring-cloud-config-test/src/main/java/com",
    "spring-cloud-config-test/src/test/java",
    "spring-cloud-config-test/src/main/resources",
    "spring-cloud-config-test/src/main/java",
    "spring-cloud-config-test/src/test",
    "spring-cloud-config-test/src/main",
    "spring-cloud-config-test/src",
    "RabbitMQ的安装.md",
    "ホットリフレッシュ.md",
    "基础概念.md",
    "images/Pasted image 20251114142442.png",
    "images/Pasted image 20251114142431.png",
    "images/Pasted image 20251114142410.png",
    "images/Pasted image 20251114142356.png",
    "images/Pasted image 20251114142328.png",
    "images/Pasted image 20251114141811.png",
    "images/Pasted image 20251114132942.png",
    "images/Pasted image 20251114132927.png",
    "images/Pasted image 20251114132841.png",
    "images/Pasted image 20251113133141.png"
  ]
}